prompt,kind,pos,pending,draft,accepted_batch,accepted_draft,bonus,next_model_id,tier,rule_chain,rule_conf,rule_support,ctx_tail_ids,ctx_tail_text,draft_ids,draft_text,model_draft_ids,model_draft_text,next_model_text,mismatch_at,why,rule_strikes,draft_mistakes,decode_s,verify_s
implement linked lsit in python only code no comments,spec_eval,1,1,0,1,0,73594,73594,none,,,,94474 10592 19597 275 304 10135 1172 2038 902 6042 198,implement linked lsit in python only code no comments\n,,,,,```,,no_pattern_fired,0,0,0.03954580000026908,9.819999968385673e-05
implement linked lsit in python only code no comments,spec_eval,2,1,0,1,0,12669,12669,none,,,,94474 10592 19597 275 304 10135 1172 2038 902 6042 198 73594,implement linked lsit in python only code no comments\n```,,,,,python,,no_pattern_fired,0,0,0.037978300000304444,0.00016800000003058813
implement linked lsit in python only code no comments,spec_eval,3,1,0,1,0,198,198,none,,,,10592 19597 275 304 10135 1172 2038 902 6042 198 73594 12669, linked lsit in python only code no comments\n```python,,,,,\n,,no_pattern_fired,0,0,0.037862700000005134,8.019999995667604e-05
implement linked lsit in python only code no comments,spec_eval,4,1,1,1,0,1040,1040,det_ctx4,det_ctx4,1.000,8,19597 275 304 10135 1172 2038 902 6042 198 73594 12669 198, lsit in python only code no comments\n```python\n,750,def,1040,class,class,0,draft_token_mismatch,1,0,0.0907374999997046,0.00026939999997921404
implement linked lsit in python only code no comments,spec_eval,5,1,0,1,0,6018,6018,none,,,,275 304 10135 1172 2038 902 6042 198 73594 12669 198 1040,it in python only code no comments\n```python\nclass,,,,, Node,,no_pattern_fired,1,0,0.040186000000176136,6.979999989198404e-05
implement linked lsit in python only code no comments,spec_eval,6,1,0,1,0,510,510,none,,,,304 10135 1172 2038 902 6042 198 73594 12669 198 1040 6018, in python only code no comments\n```python\nclass Node,,,,,:\n,,no_pattern_fired,1,0,0.03774830000020302,0.00013140000010025688
implement linked lsit in python only code no comments,spec_eval,7,1,1,2,1,707,707,syntax_indent,syntax_indent,0.980,999,10135 1172 2038 902 6042 198 73594 12669 198 1040 6018 510, python only code no comments\n```python\nclass Node:\n,262,   ,262,   , def,,draft_accepted,1,0,0.04586639999979525,0.00021920000017416896
implement linked lsit in python only code no comments,spec_eval,9,1,0,1,0,1304,1304,none,,,,2038 902 6042 198 73594 12669 198 1040 6018 510 262 707, code no comments\n```python\nclass Node:\n    def,,,,, __,,no_pattern_fired,1,0,0.04072200000018711,0.00011380000023564207
implement linked lsit in python only code no comments,spec_eval,10,1,4,5,4,821,821,syntax_dunder_init,syntax_dunder_init|syntax_dunder_paren|syntax_dunder_self|det_ctx7,1.000|1.000|1.000|1.000,999|999|999|2,902 6042 198 73594 12669 198 1040 6018 510 262 707 1304, no comments\n```python\nclass Node:\n    def __,2327 3804 721 11,"init__(self,",2327 3804 721 11,"init__(self,", data,,draft_accepted,1,0,0.09290199999986726,0.0004900999997516919
implement linked lsit in python only code no comments,spec_eval,15,1,0,1,0,982,982,none,,,,198 1040 6018 510 262 707 1304 2327 3804 721 11 821,"\nclass Node:\n    def __init__(self, data",,,,,):\n,,no_pattern_fired,1,0,0.040743099999872356,0.00012559999959194101
implement linked lsit in python only code no comments,spec_eval,16,1,1,2,1,656,656,syntax_indent,syntax_indent,0.980,999,1040 6018 510 262 707 1304 2327 3804 721 11 821 982,"class Node:\n    def __init__(self, data):\n",286,       ,286,       , self,,draft_accepted,1,0,0.0472341999998207,0.00022829999988971394
implement linked lsit in python only code no comments,spec_eval,18,1,0,1,0,2196,2196,none,,,,510 262 707 1304 2327 3804 721 11 821 982 286 656,":\n    def __init__(self, data):\n        self",,,,,.data,,no_pattern_fired,1,0,0.04147400000010748,0.00020840000024691108
implement linked lsit in python only code no comments,spec_eval,19,1,0,1,0,284,284,none,,,,262 707 1304 2327 3804 721 11 821 982 286 656 2196,"    def __init__(self, data):\n        self.data",,,,, =,,no_pattern_fired,1,0,0.042063100000177656,0.00017249999973500962
implement linked lsit in python only code no comments,spec_eval,20,1,0,1,0,821,821,none,,,,707 1304 2327 3804 721 11 821 982 286 656 2196 284," def __init__(self, data):\n        self.data =",,,,, data,,no_pattern_fired,1,0,0.039904800000385876,0.0001222000000780099
implement linked lsit in python only code no comments,spec_eval,21,1,0,1,0,198,198,none,,,,1304 2327 3804 721 11 821 982 286 656 2196 284 821," __init__(self, data):\n        self.data = data",,,,,\n,,no_pattern_fired,1,0,0.03838899999982459,0.00015370000028269715
implement linked lsit in python only code no comments,spec_eval,22,1,0,1,0,286,286,none,,,,2327 3804 721 11 821 982 286 656 2196 284 821 198,"init__(self, data):\n        self.data = data\n",,,,,       ,,no_pattern_fired,1,0,0.038712000000032276,0.00012580000020534499
implement linked lsit in python only code no comments,spec_eval,23,1,0,1,0,656,656,none,,,,3804 721 11 821 982 286 656 2196 284 821 198 286,"__(self, data):\n        self.data = data\n       ",,,,, self,,no_pattern_fired,1,0,0.03964629999973113,7.169999980760622e-05
implement linked lsit in python only code no comments,spec_eval,24,1,0,1,0,4529,4529,none,,,,721 11 821 982 286 656 2196 284 821 198 286 656,"self, data):\n        self.data = data\n        self",,,,,.next,,no_pattern_fired,1,0,0.03816020000022036,0.00014590000000680448
implement linked lsit in python only code no comments,spec_eval,25,1,0,1,0,284,284,none,,,,11 821 982 286 656 2196 284 821 198 286 656 4529,", data):\n        self.data = data\n        self.next",,,,, =,,no_pattern_fired,1,0,0.03861419999975624,0.00012239999978191918
implement linked lsit in python only code no comments,spec_eval,26,1,0,1,0,2240,2240,none,,,,821 982 286 656 2196 284 821 198 286 656 4529 284, data):\n        self.data = data\n        self.next =,,,,, None,,no_pattern_fired,1,0,0.03777489999993122,0.0001561000003675872
implement linked lsit in python only code no comments,spec_eval,27,1,0,1,0,271,271,none,,,,982 286 656 2196 284 821 198 286 656 4529 284 2240,):\n        self.data = data\n        self.next = None,,,,,\n\n,,no_pattern_fired,1,0,0.037664699999822915,0.00012190000006739865
implement linked lsit in python only code no comments,spec_eval,28,1,2,1,0,1040,1040,syntax_class_method_indent,syntax_class_method_indent|syntax_class_next_method,0.990|1.000,999|999,286 656 2196 284 821 198 286 656 4529 284 2240 271,        self.data = data\n        self.next = None\n\n,262 707,    def,1040 707,class def,class,0,draft_token_mismatch,2,0,0.09958839999990232,0.0003056000000469794
implement linked lsit in python only code no comments,spec_eval,29,1,0,1,0,22917,22917,none,,,,656 2196 284 821 198 286 656 4529 284 2240 271 1040, self.data = data\n        self.next = None\n\nclass,,,,, LinkedList,,no_pattern_fired,2,0,0.03868340000008175,9.469999986322364e-05
implement linked lsit in python only code no comments,spec_eval,30,1,0,1,0,510,510,none,,,,2196 284 821 198 286 656 4529 284 2240 271 1040 22917,.data = data\n        self.next = None\n\nclass LinkedList,,,,,:\n,,no_pattern_fired,2,0,0.03704219999963243,0.0001403000001118926
implement linked lsit in python only code no comments,spec_eval,31,1,1,2,1,707,707,syntax_indent,syntax_indent,0.980,999,284 821 198 286 656 4529 284 2240 271 1040 22917 510, = data\n        self.next = None\n\nclass LinkedList:\n,262,   ,262,   , def,,draft_accepted,2,0,0.04421169999977792,0.00014890000011291704
implement linked lsit in python only code no comments,spec_eval,33,1,0,1,0,1304,1304,none,,,,198 286 656 4529 284 2240 271 1040 22917 510 262 707,\n        self.next = None\n\nclass LinkedList:\n    def,,,,, __,,no_pattern_fired,2,0,0.03836039999987406,0.00010169999995923718
implement linked lsit in python only code no comments,spec_eval,34,1,4,4,3,982,982,syntax_dunder_init,syntax_dunder_init|syntax_dunder_paren|syntax_dunder_self|det_ctx7,1.000|1.000|1.000|1.000,999|999|999|2,286 656 4529 284 2240 271 1040 22917 510 262 707 1304,        self.next = None\n\nclass LinkedList:\n    def __,2327 3804 721 11,"init__(self,",2327 3804 721 982,init__(self):\n,):\n,3,draft_token_mismatch,3,0,0.12255469999990964,0.0006239000003915862
implement linked lsit in python only code no comments,spec_eval,38,1,1,2,1,656,656,syntax_indent,syntax_indent,0.980,999,2240 271 1040 22917 510 262 707 1304 2327 3804 721 982, None\n\nclass LinkedList:\n    def __init__(self):\n,286,       ,286,       , self,,draft_accepted,3,0,0.043880000000172004,0.000256700000136334
implement linked lsit in python only code no comments,spec_eval,40,1,0,1,0,16042,16042,none,,,,1040 22917 510 262 707 1304 2327 3804 721 982 286 656,class LinkedList:\n    def __init__(self):\n        self,,,,,.head,,no_pattern_fired,3,0,0.03850929999998698,0.00012340000012045493
implement linked lsit in python only code no comments,spec_eval,41,1,0,1,0,284,284,none,,,,22917 510 262 707 1304 2327 3804 721 982 286 656 16042, LinkedList:\n    def __init__(self):\n        self.head,,,,, =,,no_pattern_fired,3,0,0.038857999999891035,0.00015260000009220676
implement linked lsit in python only code no comments,spec_eval,42,1,0,1,0,2240,2240,none,,,,510 262 707 1304 2327 3804 721 982 286 656 16042 284,:\n    def __init__(self):\n        self.head =,,,,, None,,no_pattern_fired,3,0,0.036421100000097795,0.00014250000003812602
implement linked lsit in python only code no comments,spec_eval,43,1,0,1,0,271,271,none,,,,262 707 1304 2327 3804 721 982 286 656 16042 284 2240,    def __init__(self):\n        self.head = None,,,,,\n\n,,no_pattern_fired,3,0,0.03679009999996197,0.0001322999996773433
implement linked lsit in python only code no comments,spec_eval,44,1,2,3,2,8737,8737,syntax_class_method_indent,syntax_class_method_indent|syntax_class_next_method,0.990|1.000,999|999,707 1304 2327 3804 721 982 286 656 16042 284 2240 271, def __init__(self):\n        self.head = None\n\n,262 707,    def,262 707,    def, append,,draft_accepted,3,0,0.0556258000001435,0.00032599999985905015
implement linked lsit in python only code no comments,spec_eval,47,1,0,1,0,1193,1193,none,,,,3804 721 982 286 656 16042 284 2240 271 262 707 8737,__(self):\n        self.head = None\n\n    def append,,,,,(self,,no_pattern_fired,3,0,0.037980099999913364,0.00011220000033063116
implement linked lsit in python only code no comments,spec_eval,48,1,0,1,0,11,11,none,,,,721 982 286 656 16042 284 2240 271 262 707 8737 1193,self):\n        self.head = None\n\n    def append(self,,,,,",",,no_pattern_fired,3,0,0.03804919999993217,0.0001523000000815955
implement linked lsit in python only code no comments,spec_eval,49,1,0,1,0,821,821,none,,,,982 286 656 16042 284 2240 271 262 707 8737 1193 11,"):\n        self.head = None\n\n    def append(self,",,,,, data,,no_pattern_fired,3,0,0.0350522000003366,0.00011799999992945231
